Date,name,kind
2022-01-01,元旦,holiday
2022-01-27,春節彈性放假,holiday
2022-01-31,春節,holiday
2022-02-01,春節,holiday
2022-02-02,春節,holiday
2022-02-03,春節,holiday
2022-02-04,春節,holiday
2022-02-05,春節,holiday
2022-02-28,和平紀念日,holiday
2022-04-04,兒童節,holiday
2022-04-05,清明節,holiday
2022-06-03,端午節,holiday
2022-09-09,中秋節,holiday
2022-10-10,國慶日,holiday
2022-01-22,春節補班,makeup
2023-01-01,元旦,holiday
2023-01-02,元旦連假,holiday
2023-01-20,春節,holiday
2023-01-21,春節,holiday
2023-01-22,春節,holiday
2023-01-23,春節,holiday
2023-01-24,春節,holiday
2023-01-25,春節,holiday
2023-01-26,春節,holiday
2023-01-27,春節,holiday
2023-02-27,和平紀念日連假,holiday
2023-02-28,和平紀念日,holiday
2023-04-03,兒童節連假,holiday
2023-04-04,兒童節,holiday
2023-04-05,清明節,holiday
2023-06-22,端午節,holiday
2023-06-23,端午節連假,holiday
2023-09-29,中秋節,holiday
2023-10-09,國慶連假,holiday
2023-10-10,國慶日,holiday
2023-01-07,春節補班,makeup
2023-02-04,春節補班,makeup
2023-02-18,和平補班,makeup
2023-03-11,兒童清明補班,makeup
2023-06-17,端午補班,makeup
2023-09-23,中秋補班,makeup
2024-01-01,元旦,holiday
2024-02-08,春節,holiday
2024-02-09,春節,holiday
2024-02-10,春節,holiday
2024-02-11,春節,holiday
2024-02-12,春節,holiday
2024-02-13,春節,holiday
2024-02-14,春節,holiday
2024-02-28,和平紀念日,holiday
2024-04-04,兒童節,holiday
2024-04-05,清明節,holiday
2024-06-10,端午節,holiday
2024-09-17,中秋節,holiday
2024-10-10,國慶日,holiday
2024-02-17,春節補班,makeup
2025-01-01,元旦,holiday
2025-01-27,春節,holiday
2025-01-28,春節,holiday
2025-01-29,春節,holiday
2025-01-30,春節,holiday
2025-01-31,春節,holiday
2025-02-01,春節,holiday
2025-02-28,和平紀念日,holiday
2025-04-03,兒童節連假,holiday
2025-04-04,兒童節,holiday
2025-04-05,清明節,holiday
2025-05-30,端午節連假,holiday
2025-05-31,端午節,holiday
2025-10-06,中秋節,holiday
2025-10-10,國慶日,holiday
2025-02-08,春節補班,makeup
2026-01-01,元旦,holiday
2026-02-14,春節彈性放假,holiday
2026-02-16,春節,holiday
2026-02-17,春節,holiday
2026-02-18,春節,holiday
2026-02-19,春節,holiday
2026-02-20,春節,holiday
2026-02-21,春節,holiday
2026-02-27,和平紀念日連假,holiday
2026-02-28,和平紀念日,holiday
2026-04-03,兒童節連假,holiday
2026-04-04,兒童節,holiday
2026-04-05,清明節,holiday
2026-06-19,端午節,holiday
2026-09-25,中秋節,holiday
2026-09-26,中秋連假,holiday
2026-10-09,國慶連假,holiday
2026-10-10,國慶日,holiday
2026-02-07,春節補班,makeup
2026-09-19,中秋補班,makeup
